ID	Term	General SNOMED Label	General SNOMED ID	Specific SNOMED Label	Specific SNOMED ID	Example	Example Link	Origin_Sheet
0	5FU	Fluorouracil	387172005	Fluorouracil	387172005	I can ' t do 5FU because it causes cardiotoxicity for me :/ That ' s the reason I need to get a new treatment plan figured out .	https://www.reddit.com/4gs56p	./stage_1/Batch 7-Ready.xlsx
1	5FU	Fluorouracil	387172005	Fluorouracil	387172005	He is starting 5FU and Leucovorin and Herceptin because he is HER2 positive .	https://www.reddit.com/9tekw3	./stage_1/Batch 7-Ready.xlsx
2	5FU	Fluorouracil	387172005	Fluorouracil	387172005	Around treatment 9 they realized that I was allergic to Oxaliplatin so I just continued with the 5FU through treatment 12 .	https://www.reddit.com/916p80	./stage_1/Batch 7-Ready.xlsx
3	5HTP	Oxitriptan	73916008	Oxitriptan	73916008	Aside from edibles I take Gaba , Taurine , sublingual melatonin , Magnesium , 5HTP ...	https://www.reddit.com/8b7cb4	./stage_1/Batch8-Ready.xlsx
4	5HTP	Oxitriptan	73916008	Oxitriptan	73916008	I was recomended the 5HTP and as I said it initially worked but havn ' t been taking it since .	https://www.reddit.com/771elt	./stage_1/Batch8-Ready.xlsx
5	5HTP	Oxitriptan	73916008	Oxitriptan	73916008	He mentioned the amino acids L - Tryptophan or 5HTP , which are the precursors to serotonin .	https://www.reddit.com/55xwiv	./stage_1/Batch8-Ready.xlsx
6	6MP	Mercaptopurine	386835005	Mercaptopurine	386835005	We are up to 200 mg per day but my blood work shows not enough active 6MP in blood stream to be effective .	https://www.reddit.com/39qd6y	./stage_1/Batch2-Ready.xlsx
7	6MP	Mercaptopurine	386835005	Mercaptopurine	386835005	Three years ago I was on Remicade , 6MP and Pred all at the same time .	https://www.reddit.com/4cqh36	./stage_1/Batch2-Ready.xlsx
8	6MP	Mercaptopurine	386835005	Mercaptopurine	386835005	Cimzia has failed now , to go along with the failures of Humira , Remicade , 6Mp , Mesalamine oral & Enemas .	https://www.reddit.com/7n0vir	./stage_1/Batch2-Ready.xlsx
9	A1C	Ordinal level of hemoglobin A1c	443911005	Ordinal level of hemoglobin A1c	443911005	The last several times I ’ ve had my A1C taken it has been between 4 . 9 and 5 . 2 .	https://www.reddit.com/86wm40	./stage_1/Batch1B-Ready.xlsx
10	A1C	Ordinal level of hemoglobin A1c	443911005	Ordinal level of hemoglobin A1c	443911005	I have high hopes my A1C will get into a good range .	https://www.reddit.com/6tygyu	./stage_1/Batch1B-Ready.xlsx
11	A1C	Ordinal level of hemoglobin A1c	443911005	Ordinal level of hemoglobin A1c	443911005	After 2 months of an extreme low carb diet and exercise Ive lost 28 lbs and my A1C dropped from 6 . 7 to 5 . 3 and my dr said as long as I keep this up that I will be ok .	https://www.reddit.com/8ot4x0	./stage_1/Batch1B-Ready.xlsx
12	A1C tests	Hemoglobin A1c measurement	43396009	Hemoglobin A1c measurement	43396009	I never test myself and only go by the A1c tests that I get every 3 - 6 months .	https://www.reddit.com/8w6hsc	./stage_1/batch 9-Ready.xlsx
13	A1C tests	Hemoglobin A1c measurement	43396009	Hemoglobin A1c measurement	43396009	Can A1c tests be trusted to diagnose diabetes ?	https://www.reddit.com/7uixud	./stage_1/batch 9-Ready.xlsx
14	A1C tests	Hemoglobin A1c measurement	43396009	Hemoglobin A1c measurement	43396009	I do A1C tests once every 6 months and I test 3 times a day ( wake up , dinner , before bed ) as directed by my doctor .	https://www.reddit.com/6thx20	./stage_1/batch 9-Ready.xlsx
15	A1Cs	Glycated hemoglobin-A1c	733830002	Glycated hemoglobin-A1c	733830002	So from the numbers i got , apparently there is no insulin resistance from what they said and its within the normal range for a non diabetic person , I just have to get A1Cs annually and i am good to go .	https://www.reddit.com/910s73	./stage_1/Batch 3-Ready.xlsx
16	A1Cs	Glycated hemoglobin-A1c	733830002	Glycated hemoglobin-A1c	733830002	Just remember people coming here to brag about A1Cs have like the best of the best and are doing crazy keto diets or using awesome developed loop systems .	https://www.reddit.com/9rdr8w	./stage_1/Batch 3-Ready.xlsx
17	A1Cs	Glycated hemoglobin-A1c	733830002	Glycated hemoglobin-A1c	733830002	Myself , I have had a1cs in the 5 . 5 - 6 . 5 range for the past 10 + years .	https://www.reddit.com/ab74g8	./stage_1/Batch 3-Ready.xlsx
18	ABVD	Doxorubicin, bleomycin, vinblastine and dacarbazine chemotherapy regimen	722482005	Doxorubicin, bleomycin, vinblastine and dacarbazine chemotherapy regimen	722482005	BEACOPP is more toxic but slightly more effective in the frontline , meaning more patients are cured immediately after BEACOPP than with ABVD .	https://www.reddit.com/3pbx1d	./stage_1/Batch 3-Ready.xlsx
19	ABVD	Doxorubicin, bleomycin, vinblastine and dacarbazine chemotherapy regimen	722482005	Doxorubicin, bleomycin, vinblastine and dacarbazine chemotherapy regimen	722482005	Started ABVD a couple days ago .	https://www.reddit.com/7s8sv3	./stage_1/Batch 3-Ready.xlsx
20	ABVD	Doxorubicin, bleomycin, vinblastine and dacarbazine chemotherapy regimen	722482005	Doxorubicin, bleomycin, vinblastine and dacarbazine chemotherapy regimen	722482005	6 months of ABVD for Hodgkins Lymphoma .	https://www.reddit.com/9h61e5	./stage_1/Batch 3-Ready.xlsx
21	ABVD chemo	Doxorubicin, bleomycin, vinblastine and dacarbazine chemotherapy regimen	722482005	Doxorubicin, bleomycin, vinblastine and dacarbazine chemotherapy regimen	722482005	I received ABVD chemo .	https://www.reddit.com/51r1p7	./stage_1/Batch16-Ready.xlsx
22	ABVD chemo	Doxorubicin, bleomycin, vinblastine and dacarbazine chemotherapy regimen	722482005	Doxorubicin, bleomycin, vinblastine and dacarbazine chemotherapy regimen	722482005	I have recently completed my stem cell transplant three and a half months ago after the initial ABVD chemo regimen , which you will be doing , failed on me .	https://www.reddit.com/6bm2qd	./stage_1/Batch16-Ready.xlsx
23	ABVD chemo	Doxorubicin, bleomycin, vinblastine and dacarbazine chemotherapy regimen	722482005	Doxorubicin, bleomycin, vinblastine and dacarbazine chemotherapy regimen	722482005	I just finished my first cycle of ABVD chemo and I ' m feeling nauseas for the first time .	https://www.reddit.com/3oz6r2	./stage_1/Batch16-Ready.xlsx
24	AC1	Hemoglobin A1c measurement	43396009	Hemoglobin A1c measurement	43396009	AC1 should not be the only tool doctors use for diagnosing diabetes because it can be affected by anaemia and large sugar swings or even someone ' s diet .	https://www.reddit.com/61o944	./stage_1/batch 12-Ready.xlsx
25	AC1	Hemoglobin A1c measurement	43396009	Hemoglobin A1c measurement	43396009	"Went in with BS above 600 with large ketones he AC1 was 15 . 8 % The doctors were very surprised how "" healthy "" she looked ."	https://www.reddit.com/5nn2bi	./stage_1/batch 12-Ready.xlsx
26	AC1	Hemoglobin A1c measurement	43396009	Hemoglobin A1c measurement	43396009	I also adapted the nutritionally - balanced Keto diet and kept track of fiber as well , and am now able to controle my AC1 and BS through the day .	https://www.reddit.com/79a9y7	./stage_1/batch 12-Ready.xlsx
27	ACE inhibitor	Angiotensin-converting enzyme inhibitor	734579009	Angiotensin-converting enzyme inhibitor	734579009	Just started an ace inhibitor this month .	https://www.reddit.com/46qhh6	./stage_1/batch 11-Ready.xlsx
28	ACE inhibitor	Angiotensin-converting enzyme inhibitor	734579009	Angiotensin-converting enzyme inhibitor	734579009	If it is simply hypertension and no other heart disease then : Titrate up an ACE inhibitor to maximum dose Add in calcium channel blocker and titrate up to maximum dose Add in thiazide - like diuretic Add in spironolactone Would be the usual approach where I practice .	https://www.reddit.com/a7rdyq	./stage_1/batch 11-Ready.xlsx
29	ACE inhibitor	Angiotensin-converting enzyme inhibitor	734579009	Angiotensin-converting enzyme inhibitor	734579009	Talk to your doctor if stopping your ace inhibitor causes the cough to improve .	https://www.reddit.com/7w3wgh	./stage_1/batch 11-Ready.xlsx
30	ACE inhibitors	angiotensin converting enzyme inhibitor	372733002	angiotensin converting enzyme inhibitor	372733002	Hi , some limited evidence has shown ACE inhibitors like captopril can spare the dexamethasone dose in glioblastoma .	https://www.reddit.com/a9fgd5	./stage_1/Batch 14-Ready.xlsx
31	ACE inhibitors	angiotensin converting enzyme inhibitor	372733002	angiotensin converting enzyme inhibitor	372733002	I really need to go back to my doctor and get more ace inhibitors prescribed I just can ' t build up the guts to go sit in that little room again .	https://www.reddit.com/7yuupt	./stage_1/Batch 14-Ready.xlsx
32	ACE inhibitors	angiotensin converting enzyme inhibitor	372733002	angiotensin converting enzyme inhibitor	372733002	As soon as I started spilling albumin into the urine , they started me on ACE inhibitors ( lisinopril ) to help keep my blood pressure in check and prevent further kidney damage .	https://www.reddit.com/3y0k5n	./stage_1/Batch 14-Ready.xlsx
33	ACL	Entire anterior cruciate ligament of knee joint	182443006	Entire anterior cruciate ligament of knee joint	182443006	The ACL is mainly for stability .	https://www.reddit.com/98gpbd	./stage_1/batch 9-Ready.xlsx
34	ACL	Entire anterior cruciate ligament of knee joint	182443006	Entire anterior cruciate ligament of knee joint	182443006	Your thyroidectomy , on the other hand , may be worse than the ACL .	https://www.reddit.com/599gkf	./stage_1/batch 9-Ready.xlsx
35	ACL	Entire anterior cruciate ligament of knee joint	182443006	Repair of anterior cruciate ligament of knee joint	239426007	I have seen temporary numbness after ACL repairs that just get better with time , but I would call your doc and get it looked at just in case .	https://www.reddit.com/9dn5uy	./stage_1/batch 9-Ready.xlsx
36	ACL	Entire anterior cruciate ligament of knee joint	182443006	Repair of anterior cruciate ligament of knee joint	239426007	I had ACL and MCL surgery during grad school , but spent the first night at my parents ' house as they had a first floor bathroom and my apartment did not .	https://www.reddit.com/5y6ccr	./stage_1/batch 9-Ready.xlsx
37	ACL	Entire anterior cruciate ligament of knee joint	182443006	Repair of anterior cruciate ligament of knee joint	239426007	This isn ' t just some ACL repair outpatient .	https://www.reddit.com/69bdr8	./stage_1/batch 9-Ready.xlsx
38	ACL	Entire anterior cruciate ligament of knee joint	182443006	Entire anterior cruciate ligament of knee joint	182443006	I think of it this way : a professional football player tears their ACL , They used to be able to perform great physical feats .	https://www.reddit.com/8bv5ek	./stage_1/batch 9-Ready.xlsx
39	AD	Antidepressant	372720008	Antidepressant	372720008	Weight watchers is the only thing that has helped me over my decade long tenure with AD ’ s .	https://www.reddit.com/98v45v	./stage_1/Batch 3-Ready.xlsx
40	AD	Antidepressant	372720008	Antidepressant	372720008	I have never taken AD before , because I always thought I could manage depression and anxiety myself .	https://www.reddit.com/6tsqby	./stage_1/Batch 3-Ready.xlsx
41	AD	Antidepressant	372720008	Antidepressant	372720008	But at the present moment I ' m not ready for AD dependence .	https://www.reddit.com/7ti35s	./stage_1/Batch 3-Ready.xlsx
42	ADA	Adenosine deaminase	30065008	Adenosine deaminase	30065008	She must be a very intelligent person if she knows better than the ADA .	https://www.reddit.com/4eep06	./stage_1/Batch2-Ready.xlsx
43	ADA	Adenosine deaminase	30065008	Adenosine deaminase	30065008	I followed ADA guidelines like they were my bible for about 8 years .	https://www.reddit.com/62729s	./stage_1/Batch2-Ready.xlsx
44	ADA	Adenosine deaminase	30065008	Adenosine deaminase	30065008	Review Labor laws and ADA compliance .	https://www.reddit.com/50woow	./stage_1/Batch2-Ready.xlsx
45	ADD	Attention deficit hyperactivity disorder, predominantly inattentive type	35253001	Attention deficit hyperactivity disorder, predominantly inattentive type	35253001	I can ' t really tell if it ' s ADD or depression .	https://www.reddit.com/aadwbj	./stage_1/Batch2-Ready.xlsx
46	ADD	Attention deficit hyperactivity disorder, predominantly inattentive type	35253001	Attention deficit hyperactivity disorder, predominantly inattentive type	35253001	I take adderall for ADD , so this is just simply crazy , oftentimes manic me .	https://www.reddit.com/3dwg0m	./stage_1/Batch2-Ready.xlsx
47	ADD	Attention deficit hyperactivity disorder, predominantly inattentive type	35253001	Adult attention deficit hyperactivity disorder	444613000	Help and tips for an adult with ADD ( attention deficit disorder )	https://www.reddit.com/9ut4u4	./stage_1/Batch2-Ready.xlsx
48	ADD	Attention deficit hyperactivity disorder, predominantly inattentive type	35253001	Attention deficit hyperactivity disorder, predominantly inattentive type	406506008	Or in a more ideal phrasing ( hopefully ): is there such a thing as a slow onset ADHD / ADD ?	https://www.reddit.com/78zcwn	./stage_1/Batch2-Ready.xlsx
49	ADD	Attention deficit hyperactivity disorder, predominantly inattentive type	35253001	Adult attention deficit hyperactivity disorder	444613000	I have ADD , and diabetes can be a really tricky thing to manage when you have issues with attention .	https://www.reddit.com/8urtvs	./stage_1/Batch2-Ready.xlsx
50	ADD	Attention deficit hyperactivity disorder, predominantly inattentive type	35253001	Attention deficit hyperactivity disorder, predominantly inattentive type	35253001	I wasn ' t anxious but I was horribly ADD and misguided .	https://www.reddit.com/a3x3a5	./stage_1/Batch2-Ready.xlsx
51	ADHD	Attention deficit hyperactivity disorder	406506008	Attention deficit hyperactivity disorder	406506008	It ' s been genetically linked to ADHD , and people with ADHD and / or DSPD are both diagnosed with mental health disorders at a higher rate than the general public .	https://www.reddit.com/90pyyu	./stage_1/Batch1B-Ready.xlsx
52	ADHD	Attention deficit hyperactivity disorder	406506008	Attention deficit hyperactivity disorder	406506008	I ' m also ADHD and take Vyvanse .	https://www.reddit.com/58zogu	./stage_1/Batch1B-Ready.xlsx
53	ADHD	Attention deficit hyperactivity disorder	406506008	Attention deficit hyperactivity disorder	406506008	No , not anxiety , i think i have ADHD , i need something strong not jokes .	https://www.reddit.com/91lutj	./stage_1/Batch1B-Ready.xlsx
54	ADHD medication	Drug therapy for attention deficit hyperactivity disorder	702538008	Drug therapy for attention deficit hyperactivity disorder	702538008	20 - 40 something per cent in the UK and absolutely everything is free from emergency surgery to my ADHD medication .	https://www.reddit.com/9skalb	./stage_1/Batch 7-Ready.xlsx
55	ADHD medication	Drug therapy for attention deficit hyperactivity disorder	702538008	Drug therapy for attention deficit hyperactivity disorder	702538008	I also grew up exploring the woods around my house , which is something I truly loved doing , and is significantly less appealing on ADHD medication , and I had very kind parents , so I suppose my experience was very different from yours .	https://www.reddit.com/6woxsp	./stage_1/Batch 7-Ready.xlsx
56	ADHD medication	Drug therapy for attention deficit hyperactivity disorder	702538008	Drug therapy for attention deficit hyperactivity disorder	702538008	I ' m still very skeptical about telling a doctor im addicted , I get prescribed ritalin monthly and i dont want it to make me unable to ever get ADHD medication again , I actually really need my ADHD medication its the only thing that has allowed me to study and focus and get good grades .	https://www.reddit.com/98mpog	./stage_1/Batch 7-Ready.xlsx
57	ADHD meds	Drug therapy for attention deficit hyperactivity disorder	702538008	Drug therapy for attention deficit hyperactivity disorder	702538008	Does your ADHD meds affect your migraines ?	https://www.reddit.com/5oytzg	./stage_1/Batch 5-Ready.xlsx
58	ADHD meds	Drug therapy for attention deficit hyperactivity disorder	702538008	Drug therapy for attention deficit hyperactivity disorder	702538008	My husband is on ADHD meds and has trouble with them not wearing off before bedtime .	https://www.reddit.com/94y4bn	./stage_1/Batch 5-Ready.xlsx
59	ADHD meds	Drug therapy for attention deficit hyperactivity disorder	702538008	Drug therapy for attention deficit hyperactivity disorder	702538008	ADHD meds do give you some withdrawal symptoms , especially if you take them daily without giving yourself a few days off here and there .	https://www.reddit.com/8wkmme	./stage_1/Batch 5-Ready.xlsx
60	AFIB	Atrial fibrillation	49436004	Atrial fibrillation	49436004	I feel that there is a strong possibility that I have AFIB and there is a black box warning that if you stop taking eliquis and have AFIB you are likely to have a stroke .	https://www.reddit.com/a78i7d	./stage_1/Batch16-Ready.xlsx
61	AFIB	Atrial fibrillation	49436004	Atrial fibrillation	49436004	From what I understand , if you ’ re a younger person with AFIB , your heart has a much better chance to recover and stay in normal rhythm .	https://www.reddit.com/a6szav	./stage_1/Batch16-Ready.xlsx
62	AFIB	Atrial fibrillation	49436004	Atrial fibrillation	49436004	On the topic of blood thinners , since you may be at risk of strokes via AFIB , it would be a good idea to take some proactive measures .	https://www.reddit.com/9jd554	./stage_1/Batch16-Ready.xlsx
63	AHI	Apnea Hypopnea Index	774099003	Apnea Hypopnea Index	774099003	It might be difficult to get it to happen , but you ' d have to request a sleep study , and then get someone to look at your REM AHI instead of the overall AHI .	https://www.reddit.com/3tas3g	./stage_1/Batch16-Ready.xlsx
64	AHI	Apnea Hypopnea Index	774099003	Apnea Hypopnea Index	774099003	I have Moderate Obstructive Sleep Apnea ; my AHI is 20 .	https://www.reddit.com/a8t55r	./stage_1/Batch16-Ready.xlsx
65	AHI	Apnea Hypopnea Index	774099003	Apnea Hypopnea Index	774099003	I have had severe sleep apnea for more than 10 years but for the past 3 I ' ve used a cpap without fail and have an AHI of 2 . 5 .	https://www.reddit.com/9v3i3i	./stage_1/Batch16-Ready.xlsx
66	AIDS	Acquired immune deficiency syndrome	62479008	Acquired immune deficiency syndrome	62479008	He ' s a douche , I had my first ex compare my diabetes to HIV and AIDS since he didn ' t see me living past 5 more years ( as this conversation happened 7 years ago ).	https://www.reddit.com/8tc5bw	./stage_1/Batch 3-Ready.xlsx
67	AIDS	Acquired immune deficiency syndrome	62479008	Acquired immune deficiency syndrome	62479008	People at my office spread around a rumour that I had AIDS before I was diagnosed with adult onset T1 ... because I ' m gay .	https://www.reddit.com/7bjpit	./stage_1/Batch 3-Ready.xlsx
68	AIDS	Acquired immune deficiency syndrome	62479008	Acquired immune deficiency syndrome	62479008	Aid for AIDS distributes medical supplies and equipment to folks who have issues other than AIDS .	https://www.reddit.com/5aue1i	./stage_1/Batch 3-Ready.xlsx
69	AIDs	Acquired immune deficiency syndrome	62479008	Acquired immune deficiency syndrome	62479008	When I was diagnosed as a kid the powers that be at my school told my mom that other parents were going to be very upset if I had to test in the class room because after all they don ' t want their children to be exposed to AIDs .	https://www.reddit.com/4valgy	./stage_1/Batch 14-Ready.xlsx
70	AIDs	Acquired immune deficiency syndrome	62479008	Acquired immune deficiency syndrome	62479008	I am having a lot of success getting experiences out to the world via the herpes community , but HPV / HIV / Aids are far under - represented as I do not currently have access to people willing to share their experience on a podcast .	https://www.reddit.com/8bqtfb	./stage_1/Batch 14-Ready.xlsx
71	AIDs	Acquired immune deficiency syndrome	62479008	Acquired immune deficiency syndrome	62479008	He was diagnosed with AIDs and then cancer .	https://www.reddit.com/8azhku	./stage_1/Batch 14-Ready.xlsx
72	ALA	5-aminolevulinic acid	259496005	5-aminolevulinic acid	259496005	Apparently the ALA is injected , and there have been no reliable studies performed that show any benefit to taking ALA orally .	https://www.reddit.com/31aeag	./stage_1/Batch 10-Ready.xlsx
73	ALA	5-aminolevulinic acid	259496005	5-aminolevulinic acid	259496005	Consider looking into the work of Dr . Burt Berkson , and Low Dose Naltrexone + IV - ALA for pancreatic cancer .	https://www.reddit.com/5ipbcs	./stage_1/Batch 10-Ready.xlsx
74	ALA	5-aminolevulinic acid	259496005	5-aminolevulinic acid	259496005	ALA - PDT is by far the most effective treatment with the least recurrence for HPV warts .	https://www.reddit.com/9b50tl	./stage_1/Batch 10-Ready.xlsx
75	ALS	Amyotrophic lateral sclerosis	86044005	Amyotrophic lateral sclerosis	86044005	I do worry though that it might be a combination of PNES and the early warning signs of ALS , as my aunt ( biological ) died earlier this year of ALS .	https://www.reddit.com/a0twey	./stage_1/Batch 5-Ready.xlsx
76	ALS	Amyotrophic lateral sclerosis	86044005	Amyotrophic lateral sclerosis	86044005	People with ALS who have at least a year of complete disability ahead of them .	https://www.reddit.com/7lk3kb	./stage_1/Batch 5-Ready.xlsx
77	ALS	Amyotrophic lateral sclerosis	86044005	Amyotrophic lateral sclerosis	86044005	I think the only reason people call it ALS now is people who are alive today usually have no idea who Lou Gehrig was .	https://www.reddit.com/3jbw0n	./stage_1/Batch 5-Ready.xlsx
78	ALT	Alanine aminotransferase	56935002	Alanine aminotransferase	56935002	High ALT / AST sulfasalazine	https://www.reddit.com/82xk30	./stage_1/Batch 5-Ready.xlsx
79	ALT	Alanine aminotransferase	56935002	Alanine aminotransferase	56935002	My ALT / AST levels have been critical now since February and climbing even more so with Humira .	https://www.reddit.com/5575p3	./stage_1/Batch 5-Ready.xlsx
80	ALT	Alanine aminotransferase	56935002	Alanine aminotransferase	56935002	When tested a year ago , his AST and ALT levels were around 200 .	https://www.reddit.com/4gxmbs	./stage_1/Batch 5-Ready.xlsx
81	AML	Acute myeloid leukemia, disease	91861009	Acute myeloid leukemia, disease	91861009	For instance , APL which is a type of AML can be cured with limited chemotherapy and with vitamin A - analogue and arsenic trioxide , and has ~ 80 % survival rate .	https://www.reddit.com/a3qq8n	./stage_1/Batch 3-Ready.xlsx
82	AML	Acute myeloid leukemia, disease	91861009	Acute myeloid leukemia, disease	91861009	I had something similar , it was not radiation but Chemo for the treatment of my Ewing ' s Sarcoma that caused my AML .	https://www.reddit.com/30ykmj	./stage_1/Batch 3-Ready.xlsx
83	AML	Acute myeloid leukemia, disease	91861009	Acute myeloid leukemia, disease	91861009	I am going into my 19th year of remission from AML , and I was asked by a friend to give the opening speech for our local Relay for Life .	https://www.reddit.com/675ww9	./stage_1/Batch 3-Ready.xlsx
84	ANA	Antinuclear antibody	45530001	Antinuclear antibody	45530001	The rheumatologist did some blood work and one test came back positive for homogeneous ANA 1 : 160 titer ( if anyone knows what that means ).	https://www.reddit.com/a73vw1	./stage_1/Batch 3-Ready.xlsx
85	ANA	Antinuclear antibody	45530001	Antinuclear antibody	45530001	Positive RF and ANA titers help with diagnosis , but they aren ' t what determines the diagnosis , and plenty of people have RA who are seronegative .	https://www.reddit.com/3ch8qs	./stage_1/Batch 3-Ready.xlsx
86	ANA	Antinuclear antibody	45530001	Antinuclear antibody	45530001	Hemoglobin was below 8 when diagnosed * On high dose of prednisone earlier this year for 2 + months due to poorly controlled asthma - mold exposure ( large chunk of weight gain ) * Recent Tests * Saw allergy / asthma / immunologist - i thought i might have lupus but ANA and RH factors are negative .	https://www.reddit.com/9mqxwb	./stage_1/Batch 3-Ready.xlsx
87	ANA test	iritis	359788000	Antinuclear antibody measurement	359788000	My GP ran the ANA test for me , it came back positive , and he referred me to a rheumatologist , who ran more blood work for lupus markers .	https://www.reddit.com/8b4nbe	./stage_1/batch 11-Ready.xlsx
88	ANA test	iritis	359788000	Antinuclear antibody measurement	359788000	I had another ANA test , negative again .	https://www.reddit.com/9dqtsr	./stage_1/batch 11-Ready.xlsx
89	ANA test	iritis	359788000	Antinuclear antibody measurement	359788000	Was recently diagnosed with osteoarthritis , today my primary care sent me for an ANA test .	https://www.reddit.com/9n3585	./stage_1/batch 11-Ready.xlsx
90	APS	Antiphospholipid syndrome	26843008	Antiphospholipid syndrome	26843008	Since it is a possibility , any advice on what living with APS means ?	https://www.reddit.com/30e8vq	./stage_1/batch 9-Ready.xlsx
91	APS	Antiphospholipid syndrome	26843008	Antiphospholipid syndrome	26843008	APS causes migraines , among many other more serious problems .	https://www.reddit.com/4m26m5	./stage_1/batch 9-Ready.xlsx
92	ASA	Mesalazine	387501005	Mesalazine	387501005	Ahhh damn , you are totally right about that 5 - ASA bit , I did not know that ... that is bad news for my kidneys .	https://www.reddit.com/4lipl9	./stage_1/Batch8-Ready.xlsx
93	ASA	Mesalazine	387501005	Mesalazine	387501005	Very rare but she just takes 5 - ASA ' s and she ' s fine .	https://www.reddit.com/7n7w8i	./stage_1/Batch8-Ready.xlsx
94	ASA	Mesalazine	387501005	Mesalazine	387501005	A month after stopping prednisone and just before starting a 5 - ASA I developed a sinus infection where I had a runny nose and significant fatigue .	https://www.reddit.com/87o0ft	./stage_1/Batch8-Ready.xlsx
95	ASPD	Antisocial personality disorder	26665006	Antisocial personality disorder	26665006	"&# x200B ; I could very easily be the "" typical "" ASPD / sociopath were it not for my BPD ; as it stands I still have some pretty strong ASPD tendencies , though the BPD and GAD tend to make me actually feel some sort of emotion about my actions later ."	https://www.reddit.com/a1jcuu	./stage_1/Batch 7-Ready.xlsx
96	ASPD	Antisocial personality disorder	26665006	Antisocial personality disorder	26665006	I meant to say that ASPD , NPD , and BPD are recognizable by name , but there ' s no question that the general populace is grossly misinformed about them .	https://www.reddit.com/9g4qql	./stage_1/Batch 7-Ready.xlsx
97	ASPD	Antisocial personality disorder	26665006	Antisocial personality disorder	26665006	We do stupid things around 14 - 20 , are brains are still developing , we are fundementally more unstable , more impulsive , aggressive the same way someone with ASPD would be , except teenagers have an enhanced fear response , unlike someone with ASPD .	https://www.reddit.com/6cgl7z	./stage_1/Batch 7-Ready.xlsx
98	AST	Aspartate aminotransferase	26091008	Aspartate aminotransferase	26091008	An AST of 62 is barely elevated .	https://www.reddit.com/9db54t	./stage_1/Batch6-Ready.xlsx
99	AST	Aspartate aminotransferase	26091008	Aspartate aminotransferase	26091008	My rheumatologist told me light drinking ( like 1 or 2 drinks a week ) is probably ok , but if my ALT and AST ( liver tests ) went up then I shouldn ' t since alcohol puts additional stress on the liver along with enbrel .	https://www.reddit.com/7oe7zb	./stage_1/Batch6-Ready.xlsx
100	AST	Aspartate aminotransferase	26091008	Aspartate aminotransferase	26091008	My AST is still high .	https://www.reddit.com/7q29b6	./stage_1/Batch6-Ready.xlsx
101	ATP	Adenosine triphosphate	76711004	Adenosine triphosphate	76711004	My sciatica is mild , really ; I have leg pain but nothing really painful , and some lower back soreness I ’ ve had for years due to ATP .	https://www.reddit.com/94r1am	./stage_1/Batch 14-Ready.xlsx
102	ATP	Adenosine triphosphate	76711004	Adenosine triphosphate	76711004	Again , ATP production and glycogen synthesis are unrelated , so insulin will cause glycogen to be synthesized independent of ATP production / use .	https://www.reddit.com/9ss0dc	./stage_1/Batch 14-Ready.xlsx
103	ATP	Adenosine triphosphate	76711004	Adenosine triphosphate	76711004	I sometimes do the Gold with ATP but more often the GOLD with Probiotic ( slightly harder to find - only some Whole Foods have it , many Vitamin Shoppe ).	https://www.reddit.com/50gro4	./stage_1/Batch 14-Ready.xlsx
104	AVN	Avascular necrosis of bone	397758007	Avascular necrosis of bone	397758007	I have AVN in both ankles and hips .	https://www.reddit.com/78yt1a	./stage_1/batch 12-Ready.xlsx
105	AVN	Avascular necrosis of bone	397758007	Avascular necrosis of bone	397758007	I ’ m glad they ruled out AVN , it ’ s not pretty .	https://www.reddit.com/7q3t9w	./stage_1/batch 12-Ready.xlsx
106	AVN	Avascular necrosis of bone	397758007	Avascular necrosis of bone	397758007	28yr old female , stage 3 AVN of the hip .	https://www.reddit.com/4peryj	./stage_1/batch 12-Ready.xlsx
107	AVN	Avascular necrosis of bone	397758007	Avascular necrosis of bone	397758007	I had AVN in varying stages in my hips and knees , ranging from Stage 4 / 5 in my left hip ... to stage 2 in my right knee .	https://www.reddit.com/3bfme8	./stage_1/batch 12-Ready.xlsx
108	AVN	Avascular necrosis of bone	397758007	Avascular necrosis of bone	397758007	Been a few month not much going on , low : need a bilateral hip replacement in the fall , have AVN and it huts like hell , was told my shoulders are impacted too so that sucks hard .	https://www.reddit.com/4991sd	./stage_1/batch 12-Ready.xlsx
109	AZA	Incontinent	372574004	Incontinent	372574004	make sure to do your bloodwork with AZA because it can fuck up your liver if you aren ' t careful .	https://www.reddit.com/4r1zux	./stage_1/batch 11-Ready.xlsx
110	AZA	Incontinent	372574004	Incontinent	372574004	My rheumatologist has zero issue with someone being on methotrexate or any of the pill DMARDS ( plaquenil , AZA , etc ) and surgery .	https://www.reddit.com/4vhc6v	./stage_1/batch 11-Ready.xlsx
111	AZA	Incontinent	372574004	Incontinent	372574004	I have been on Imuran ( AZA ) from Oct 2014 until just a few days ago .	https://www.reddit.com/46s0kb	./stage_1/batch 11-Ready.xlsx
112	Ablations	Ablation - action	257729003	Ablation - action	257729003	At this point it ’ s giving me no trouble at all ( after several ablations ) though I ’ m warned it can return again .	https://www.reddit.com/8mloik	./stage_1/Batch6-Ready.xlsx
113	Ablations	Ablation - action	257729003	Ablation - action	257729003	So yes the ablations do work but it may take a couple tries and your heart can heal itself over the scar tissue .	https://www.reddit.com/8ssz5z	./stage_1/Batch6-Ready.xlsx
114	Ablations	Ablation - action	257729003	Ablation - action	257729003	Had 2 ablations at age 37 , second one has worked with no afib for over 3 years now .	https://www.reddit.com/8mloik	./stage_1/Batch6-Ready.xlsx
115	Abraxane	Albumin bound paclitaxel	426653008	Albumin bound paclitaxel	426653008	Last year , went through a cycle of gemcitabine / carboplatin , then one of Abraxane .	https://www.reddit.com/31pxn3	./stage_1/batch 11-Ready.xlsx
116	Abraxane	Albumin bound paclitaxel	426653008	Albumin bound paclitaxel	426653008	She is having gemcitabine / abraxane .	https://www.reddit.com/8k304p	./stage_1/batch 11-Ready.xlsx
117	Abraxane	Albumin bound paclitaxel	426653008	Albumin bound paclitaxel	426653008	She will begin getting abraxane starting this week .	https://www.reddit.com/663lww	./stage_1/batch 11-Ready.xlsx
118	Abscess	Abscess	128477000	Abscess	128477000	Abscess feels like more of a kind of dull ache in the area to me after a BM .	https://www.reddit.com/6n7x5v	./stage_1/Batch 14-Ready.xlsx
119	Abscess	Abscess	128477000	Abscess	128477000	"The response is always "" if you get another fistula or Abscess well do the tests ."	https://www.reddit.com/4ixgtm	./stage_1/Batch 14-Ready.xlsx
120	Abscess	Abscess	128477000	Abscess	128477000	Abscess was the size of a cue ball .	https://www.reddit.com/7v25yc	./stage_1/Batch 14-Ready.xlsx
121	Acetaminophen	Paracetamol	387517004	Paracetamol	387517004	HOWEVER , you can take an NSAID and Acetaminophen together and this works well for pain that does not respond to either one of them alone .	https://www.reddit.com/5q4llk	./stage_1/batch 4-Ready.xlsx
122	Acetaminophen	Paracetamol	387517004	Paracetamol	387517004	Acetaminophen is fine .	https://www.reddit.com/5qr5w5	./stage_1/batch 4-Ready.xlsx
123	Acetaminophen	Paracetamol	387517004	Paracetamol	387517004	Acetaminophen does not interact with NSAIDs like ibuprofen .	https://www.reddit.com/7hgv24	./stage_1/batch 4-Ready.xlsx
124	Achilles	Structure of Achilles tendon	61352006	Structure of Achilles tendon	61352006	Sometimes it shows up in my elbows or Achilles or jaw .	https://www.reddit.com/9pxxd4	./stage_1/batch 9-Ready.xlsx
125	Achilles	Structure of Achilles tendon	61352006	Structure of Achilles tendon	61352006	I got my clot after injuring my achilles .	https://www.reddit.com/3nsvs3	./stage_1/batch 9-Ready.xlsx
126	Achilles	Structure of Achilles tendon	61352006	Structure of Achilles tendon	61352006	For at least the last five years I have been getting this strange tension in my Achilles .	https://www.reddit.com/9uvfv1	./stage_1/batch 9-Ready.xlsx
127	Achilles tendon	Structure of Achilles tendon	61352006	Structure of Achilles tendon	61352006	My Achilles tendon was lengthened and this has added to my ankle instability .	https://www.reddit.com/812xi4	./stage_1/Batch16-Ready.xlsx
128	Achilles tendon	Structure of Achilles tendon	61352006	Structure of Achilles tendon	61352006	I saw the athletic trainer , who was convinced I had ruptured my achilles tendon .	https://www.reddit.com/9qgrf5	./stage_1/Batch16-Ready.xlsx
129	Achilles tendon	Structure of Achilles tendon	61352006	Structure of Achilles tendon	61352006	hello ive been having problems with my achilles tendon .	https://www.reddit.com/9bd2xu	./stage_1/Batch16-Ready.xlsx
130	Acitretin	Acitretin	386938006	Acitretin	386938006	I ' m on Acitretin for another reason , but I thought you guys use Acitretin more often than any other person !	https://www.reddit.com/6rg914	./stage_1/Batch8-Ready.xlsx
131	Acitretin	Acitretin	386938006	Acitretin	386938006	Finally , Acitretin doesn ' t work for everyone .	https://www.reddit.com/4rhbb0	./stage_1/Batch8-Ready.xlsx
132	Acitretin	Acitretin	386938006	Acitretin	386938006	Some things to bear in mind : Acitretin can take six months or more to have a noticeable effect .	https://www.reddit.com/4rhbb0	./stage_1/Batch8-Ready.xlsx
133	Actemra	Tocilizumab	444648007	Tocilizumab	444648007	A combination of actemra and sulfasalazine seemed to be the best pharmaceutical cocktail for me .	https://www.reddit.com/6p9ikf	./stage_1/Batch 3-Ready.xlsx
134	Actemra	Tocilizumab	444648007	Tocilizumab	444648007	Ok , story time ... Once upon a time I was talking mtx and Actemra and folic acid .	https://www.reddit.com/856xgw	./stage_1/Batch 3-Ready.xlsx
135	Actemra	Tocilizumab	444648007	Tocilizumab	444648007	I ' ve been on Actemra ( same as article ) for about 6 or 7 years now , though I have a healthy liver .	https://www.reddit.com/6eri98	./stage_1/Batch 3-Ready.xlsx
136	Actos	Pioglitazone	395828009	Pioglitazone	395828009	Actos is not the only option .	https://www.reddit.com/3nynuo	./stage_1/Batch 10-Ready.xlsx
137	Actos	Pioglitazone	395828009	Pioglitazone	395828009	New BMJ study is the latest to show link between Actos and bladder cancer	https://www.reddit.com/4lwnu5	./stage_1/Batch 10-Ready.xlsx
138	Actos	Pioglitazone	395828009	Pioglitazone	395828009	What kinds of cancer can Actos cause for Florida patients ?	https://www.reddit.com/42lgay	./stage_1/Batch 10-Ready.xlsx
139	Actrapid	Human insulin	96367001	Human insulin	96367001	Could it be Actrapid that ' s causing it ?	https://www.reddit.com/9poa0q	./stage_1/batch 15-Ready.xlsx
140	Actrapid	Human insulin	96367001	Human insulin	96367001	If it matters something , I use Actrapid for bolus and Insulatard for basal	https://www.reddit.com/66x121	./stage_1/batch 15-Ready.xlsx
141	Actrapid	Human insulin	96367001	Human insulin	96367001	Actrapid is an ancient insulin .	https://www.reddit.com/4puebc	./stage_1/batch 15-Ready.xlsx
142	Acute Lymphoblastic Leukemia	Acute lymphoid leukemia, disease	91857003	Acute lymphoid leukemia, disease	91857003	I was diagnosed with acute lymphoblastic leukemia last November , am currently in remission after having a bone marrow transplant and am in the last stages of treatment right now .	https://www.reddit.com/300td7	./stage_1/batch 11-Ready.xlsx
143	Acute Lymphoblastic Leukemia	Acute lymphoid leukemia, disease	91857003	Acute lymphoid leukemia, disease	91857003	Acute lymphoblastic leukemia , ALL .	https://www.reddit.com/6s3iyr	./stage_1/batch 11-Ready.xlsx
144	Acute Lymphoblastic Leukemia	Acute lymphoid leukemia, disease	91857003	Acute lymphoid leukemia, disease	91857003	After my official diagnosis and learning what it is that I had specifically , which was Acute Lymphoblastic Leukemia shock turned into fear , hearing words like treatment , chemotherapy , and urgency , made it more real , for that was the day I realized that I had an expiration date , but I was also faced with a number of decisions , was I gonna be a victim or a survivor , all I knew was I had to muster up all my strength in order to fight to win .	https://www.reddit.com/48vgq8	./stage_1/batch 11-Ready.xlsx
145	Acute Myeloid Leukemia	Acute myeloid leukemia, disease	91861009	Acute myeloid leukemia, disease	91861009	I was diagnosed with acute myeloid leukemia at 19 ( I ' m still 19 ), and this is my story .	https://www.reddit.com/8siobm	./stage_1/batch 15-Ready.xlsx
146	Acute Myeloid Leukemia	Acute myeloid leukemia, disease	91861009	Acute myeloid leukemia, disease	91861009	When my MDS was discovered ( misdiagnosed as Acute Myeloid Leukemia ), I was already having severe bleeding , night sweats , unexplained weight loss , multiple infections , etc ...	https://www.reddit.com/2rydwt	./stage_1/batch 15-Ready.xlsx
147	Acute Myeloid Leukemia	Acute myeloid leukemia, disease	91861009	Acute myeloid leukemia, disease	91861009	My Grandfather has acute myeloid leukemia and has maybe a month to live .	https://www.reddit.com/77vei3	./stage_1/batch 15-Ready.xlsx
148	Adalimumab	Adalimumab	407317001	Adalimumab	407317001	From what I heard , Vidolizumab is the last option of biologics after Infliximab and Adalimumab have failed .	https://www.reddit.com/4bzjj6	./stage_1/Batch13-Ready.xlsx
149	Adalimumab	Adalimumab	407317001	Adalimumab	407317001	But ever since I started on the Adalimumab my CRP and Albumin ( sp ) levels in my blood tests went back to normal and most importantly I felt human again !	https://www.reddit.com/3qoibz	./stage_1/Batch13-Ready.xlsx
150	Adalimumab	Adalimumab	407317001	Adalimumab	407317001	Phase 4 clinical trials are currently underway testing the safety and efficacy of Vedolizumab , Adalimumab and Methotrexate together in aggressive crohn ' s cases , which is probably one of the pioneering studies to see if dual biologics might be a viable option .	https://www.reddit.com/77kmww	./stage_1/Batch13-Ready.xlsx
151	Adderall	Product containing dexamfetamine	50868004	Product containing dexamfetamine	50868004	I just don ' t want the effects to wear off I like the feeling I ' m getting from being on adderall .	https://www.reddit.com/8dbu0y	./stage_1/Batch1D-Ready.xlsx
152	Adderall	Product containing dexamfetamine	50868004	Product containing dexamfetamine	50868004	I got antibiotics , and my psychiatrist prescribed adderall to compensate for my complete lack of focus at this point of my depression .	https://www.reddit.com/6yx4k8	./stage_1/Batch1D-Ready.xlsx
153	Adderall	Product containing dexamfetamine	50868004	Product containing dexamfetamine	50868004	I started taking adderall 2 years after my HBP .	https://www.reddit.com/9s9ur7	./stage_1/Batch1D-Ready.xlsx
154	Addison	Addison's disease	363732003	Addison's disease	363732003	If you ' re concerned about bringing up a possible diagnosis , I would ask more about adrenal insufficiency than Addison ' s .	https://www.reddit.com/7w7jhm	./stage_1/batch 15-Ready.xlsx
155	Addison	Addison's disease	363732003	Addison's disease	363732003	I ' m worried that I may have Addison ' s and I want to ask my endo to check for it .	https://www.reddit.com/7w7jhm	./stage_1/batch 15-Ready.xlsx
156	Addison	Addison's disease	363732003	Addison's disease	363732003	I ' m 18 years old and female and was diagnosed with Addison ' s about 5 years ago and was more recently diagnosed with Hashimoto ' s Thyroiditis leading to a diagnosis of Autoimmune Polyglandular Syndrome .	https://www.reddit.com/9sgfbr	./stage_1/batch 15-Ready.xlsx
157	Addison ' s disease	Addison's disease	363732003	Addison's disease	363732003	Some pigmentation may occur in disorders such as Addison ' s disease due to increased ACTH , but the pattern of pigmentation is different ( over knuckles ).	https://www.reddit.com/9y1kuk	./stage_1/batch 11-Ready.xlsx
158	Addison ' s disease	Addison's disease	363732003	Addison's disease	363732003	Look up Addison ' s Disease / adrenal insufficiency and see what you think .	https://www.reddit.com/62i9za	./stage_1/batch 11-Ready.xlsx
159	Addison ' s disease	Addison's disease	363732003	Addison's disease	363732003	I haven ' t gone full keto yet but I also have Addison ' s Disease which gives me a lot of lows over night .	https://www.reddit.com/3c147j	./stage_1/batch 11-Ready.xlsx
160	Adenomyosis	Adenomyosis of uterus	784314006	Adenomyosis of uterus	784314006	Diagnoses like adenomyosis , PCOS , PMDD , borderline personality disorder , and plain old dismenorrea have been tossed around my nothing that can be confirmed , and nothing that can be treated without birth control .	https://www.reddit.com/99i0g6	./stage_1/Batch6-Ready.xlsx
161	Adenomyosis	Adenomyosis of uterus	784314006	Adenomyosis of uterus	784314006	A smaller percentage are like me and have uterine issues as well , but if a pelvic pain specialist is confident that the endometriosis has been removed properly and there is enough to support an adenomyosis diagnosis , they will be willing to do a hysterectomy if they think it will help .	https://www.reddit.com/9h0h5y	./stage_1/Batch6-Ready.xlsx
162	Adenomyosis	Adenomyosis of uterus	784314006	Adenomyosis of uterus	784314006	She also discovered I have adenomyosis .	https://www.reddit.com/a4pncw	./stage_1/Batch6-Ready.xlsx
163	Adhesive	Adhesive, device	817000	Adhesive, device	817000	Eventually you can develope a red rash looking thing from being to aggressive with it because the adhesive is so strong .	https://www.reddit.com/4tfvzs	./stage_1/Batch6-Ready.xlsx
164	Adhesive	Adhesive, device	817000	Adhesive, device	817000	Also had them rip out once side stepping a family member through a doorway , Also I get much more accurate results with my triceps & since they don ' t sweat like my abs or thighs do , the adhesive remains longer	https://www.reddit.com/7jlk43	./stage_1/Batch6-Ready.xlsx
165	Adhesive	Adhesive, device	817000	Adhesive, device	817000	Wait at least a couple hours , otherwise the adhesive won ' t stick .	https://www.reddit.com/76ad2f	./stage_1/Batch6-Ready.xlsx
166	Adrenaline	Epinephrine	387362001	Epinephrine	387362001	Adrenaline will cause blood sugar to rise , independant of the reason .. gaming , rollercoaster , bungee jumping all can raise it .	https://www.reddit.com/9atq4s	./stage_1/batch 11-Ready.xlsx
167	Adrenaline	Epinephrine	387362001	Epinephrine	387362001	Adrenaline counteracts insulin causing glucose levels to spike which in turn feeds sicknesses and infection so it just keeps recirculating .	https://www.reddit.com/73vx27	./stage_1/batch 11-Ready.xlsx
168	Adrenaline	Epinephrine	387362001	Epinephrine	387362001	Adrenaline makes me feel low , so does anxiety or being extremely tired .	https://www.reddit.com/3tvyiw	./stage_1/batch 11-Ready.xlsx
169	Adriamycin	Doxorubicin	372817009	Doxorubicin	372817009	I had the same drug ( adriamycin ) and it was given as a drip over 15 - 20 minutes I think	https://www.reddit.com/52xpiw	./stage_1/Batch 10-Ready.xlsx
170	Adriamycin	Doxorubicin	372817009	Doxorubicin	372817009	I will be going on Adriamycin & Cyclophosphamide next week , which scares the crap out of me , because the first can cause heart damage , and both can lead to blood cancer / leukemia .	https://www.reddit.com/90hplw	./stage_1/Batch 10-Ready.xlsx
171	Adriamycin	Doxorubicin	372817009	Doxorubicin	372817009	I had 4 bi - weekly doses of adriamycin ( with the other drug that starts with C ), and I had absolutely zero issues with my mouth .	https://www.reddit.com/9x7rmc	./stage_1/Batch 10-Ready.xlsx
172	Advair	Product containing fluticasone and salmeterol in pulmonary dose form	772470004	Product containing fluticasone and salmeterol in pulmonary dose form	772470004	A powder inhaler like Advair is for daily use and isn ' t a rescue inhaler , but should help long - term .	https://www.reddit.com/6rx2wn	./stage_1/batch 15-Ready.xlsx
173	Advair	Product containing fluticasone and salmeterol in pulmonary dose form	772470004	Product containing fluticasone and salmeterol in pulmonary dose form	772470004	I use Advair HFA for maintenance , and Xopenex HFA as my rescue inhaler , and Advair works well for me , so I don ' t use my rescue inhaler often either .	https://www.reddit.com/6vzcdm	./stage_1/batch 15-Ready.xlsx
174	Advair	Product containing fluticasone and salmeterol in pulmonary dose form	772470004	Product containing fluticasone and salmeterol in pulmonary dose form	772470004	I was originally diagnosed probably when I was about 7 , but I don ' t recall every complaining about any symptoms , and he was a new family doctor and this wasn ' t long after Advair had come out so ...	https://www.reddit.com/6urt2u	./stage_1/batch 15-Ready.xlsx
175	Advil	Ibuprofen	387207008	Ibuprofen	387207008	During the past month I ' ve had stomach problems due to the ( stupid ) decision to take advil on an empty stomach which led to a nasty stomach lining irritation causing me to feel nausea and cramps for about a month after I ate .	https://www.reddit.com/6zz16v	./stage_1/Batch1C-Ready.xlsx
176	Advil	Ibuprofen	387207008	Ibuprofen	387207008	What I have tried in various combinations , with little to no success both day of and next day : - Advil - Antihistamine - Washing face - cold wash cloth - ice pack - frozen spoons - sheet mask - cold wet black tea bags - cold wet green tea bags - drinking multiple glasses of water - sleeping with my head more upright Last night specifically I tried the combo of washing my face after crying subsided , extra strength Advil with two 8oz glasses of water , cold black tea bags for approximately 20 min total , followed by moisturizing sheet mask and went to bed propped up with pillows so I was at a slight angle .	https://www.reddit.com/99jejd	./stage_1/Batch1C-Ready.xlsx
177	Advil	Ibuprofen	387207008	Ibuprofen	387207008	It ’ s enough to make you think and if you don ’ t need to take this medicine , then don ’ t ; it ’ s not Advil , this is a serious medication for a serious disease .	https://www.reddit.com/4akigk	./stage_1/Batch1C-Ready.xlsx
178	Afib	Atrial fibrillation	49436004	Atrial fibrillation	49436004	My AFib was classified as “ AFib with RVR ”, or rapid ventricular response , so a fast heart rate doesn ' t automatically accompany AFib .	https://www.reddit.com/95hz09	./stage_1/Batch6-Ready.xlsx
179	Afib	Atrial fibrillation	49436004	Atrial fibrillation	49436004	If you think you have AFib you need to have an EKG which will likely be normal and then a 30 day cardiac monitor .	https://www.reddit.com/9fdo7e	./stage_1/Batch6-Ready.xlsx
180	Afib	Atrial fibrillation	49436004	Atrial fibrillation	49436004	If I remember correctly , Xarelto has been approved for treatment of AFib patients , so you may end up on it for life .	https://www.reddit.com/43hw9e	./stage_1/Batch6-Ready.xlsx
181	Afreeza	Human insulin	96367001	Human insulin	96367001	The orignal poster made what could have been a global statement about men being fine when taking afreeza .	https://www.reddit.com/2xxgyh	./stage_1/batch 12-Ready.xlsx
182	Afreeza	Human insulin	96367001	Human insulin	96367001	If you ' re referring to Afreeza there ' s a couple reasons .	https://www.reddit.com/71zk16	./stage_1/batch 12-Ready.xlsx
183	Afreeza	Human insulin	96367001	Human insulin	96367001	Afreeza can ' t do that , it ' s still me doing work .	https://www.reddit.com/5nyf7w	./stage_1/batch 12-Ready.xlsx
184	Afrezza	Human insulin	96367001	Human insulin	96367001	I attempted to switch to Afrezza a few months back .	https://www.reddit.com/3yafha	./stage_1/Batch2-Ready.xlsx
185	Afrezza	Human insulin	96367001	Human insulin	96367001	I ’ ve made an appointment with an Endo next week to talk about Afrezza .	https://www.reddit.com/2wz2sk	./stage_1/Batch2-Ready.xlsx
186	Afrezza	Human insulin	96367001	Human insulin	96367001	no but you literally only talk about afrezza .	https://www.reddit.com/4q0264	./stage_1/Batch2-Ready.xlsx
187	Afrin	Oxymetazoline	387158001	Oxymetazoline	387158001	He helped me find ways to control my sinuses by using sinus washes , and at the hint of feeling an infection , using a combination of Afrin and Mucinex D to flush my sinuses and hopefully avoid the infections progress .	https://www.reddit.com/99fvxv	./stage_1/Batch 5-Ready.xlsx
188	Afrin	Oxymetazoline	387158001	Oxymetazoline	387158001	Is there a prescription equivalent to Afrin ?	https://www.reddit.com/66zvtv	./stage_1/Batch 5-Ready.xlsx
189	Afrin	Oxymetazoline	387158001	Oxymetazoline	387158001	You also build up a resistance to it , so people who are addicted to Afrin are in a viscious cycle where they need Afrin to breath and they need to keep taking more of it and more frequently and in turn do more damage to their nose .	https://www.reddit.com/51bk9e	./stage_1/Batch 5-Ready.xlsx
190	Aimovig	Erenumab	771590007	Erenumab	771590007	To date tried every medication possible except topamax and aimovig .	https://www.reddit.com/99pox6	./stage_1/Batch2-Ready.xlsx
191	Aimovig	Erenumab	771590007	Erenumab	771590007	So I got the two months free of Aimovig .	https://www.reddit.com/9ldh58	./stage_1/Batch2-Ready.xlsx
192	Aimovig	Erenumab	771590007	Erenumab	771590007	The first couple weeks of Aimovig was when I had the most hair loss .	https://www.reddit.com/9h7b5l	./stage_1/Batch2-Ready.xlsx
193	Albumin	Albumin	52454007	Albumin	52454007	Albumin is fine ... What were your creatinine numbers just as a double check ?	https://www.reddit.com/6p7b8t	./stage_1/Batch6-Ready.xlsx
194	Albumin	Albumin	52454007	Albumin	52454007	""" If I inject this medicine into my blood stream directly , how much drug will immediately act on my insulin receptors and how much will bind to albumin ."""	https://www.reddit.com/8hvr04	./stage_1/Batch6-Ready.xlsx
195	Albumin	Albumin	52454007	Albumin	52454007	Protein is great for your albumin .	https://www.reddit.com/9tvfav	./stage_1/Batch6-Ready.xlsx
196	Albuterol	Salbutamol	372897005	Salbutamol	372897005	Albuterol didn ' t end the shortness of breath , and after taking the asthma medications regularly for 6 months , my shortness of breath didn ’ t go away .	https://www.reddit.com/97fmft	./stage_1/Batch13-Ready.xlsx
197	Albuterol	Salbutamol	372897005	Salbutamol	372897005	MEDS : Advair , Spiriva , Albuterol , NAC , Singulair , azithromycin three times a week , and prednisone 5 daily .	https://www.reddit.com/9k3924	./stage_1/Batch13-Ready.xlsx
198	Albuterol	Salbutamol	372897005	Salbutamol	372897005	Yesterday I had this awful migraine , I couldn ' t walk , couldn ' t think , my sweetheart asked how she could help and I couldn ' t answer , I just kept crawling towards they Tylenol since I was already on all my other migraine meds and can ' t take Albuterol anymore .	https://www.reddit.com/8zfplx	./stage_1/Batch13-Ready.xlsx
